<?xml version="1.0" encoding="UTF-8" standalone="no"?>
<project default="javadoc" >

	<path id="EEL3_Engine.classpath">
		<fileset dir="target/web/WEB-INF/lib">
			<include name="**/*.jar" />
		</fileset>
	</path>

	<target name="javadoc">
		<javadoc access="private" 
				author="true" 

				classpathref="EEL3_Engine.classpath"
				packagenames="com.quintiles.structures.engine,com.quintiles.structures,com.opentext.api,com.quintiles.structures.engine.jobs,com.quintiles.structures.builder.lapi,com.quintiles.structures.builder" 

				destdir="C:\Users\Q766769\Desktop\jdoc" 
				nodeprecated="false" 
				nodeprecatedlist="false" 
				noindex="true" 	
				nonavbar="false" 
				notree="false" 
				source="1.6"
				sourcepath="src" 
				splitindex="false" 
				stylesheetfile="resource/stylesheet.css" 
				use="true" 
				version="true"/>
	</target>

</project>

