<?xml version="1.0" encoding="UTF-8"?>
<beans xmlns="http://www.springframework.org/schema/beans"
		xmlns:xsi="http://www.w3.org/2001/XMLSchema-instance" 
		xmlns:context="http://www.springframework.org/schema/context"
		xmlns:tx="http://www.springframework.org/schema/tx" 
		xmlns:util="http://www.springframework.org/schema/util"
		xmlns:p="http://www.springframework.org/schema/p"
		xsi:schemaLocation="http://www.springframework.org/schema/beans
			http://www.springframework.org/schema/beans/spring-beans-3.2.xsd
			http://www.springframework.org/schema/context
			http://www.springframework.org/schema/context/spring-context-3.2.xsd
			http://www.springframework.org/schema/tx 
			http://www.springframework.org/schema/tx/spring-tx.xsd
			http://www.springframework.org/schema/util 
			http://www.springframework.org/schema/util/spring-util-3.2.xsd"
	>

	<context:annotation-config />
	<context:spring-configured />
	<context:load-time-weaver aspectj-weaving="autodetect" />
	<context:component-scan base-package="com.quintiles.structures,com.quintiles.e3.data" />
	<tx:annotation-driven />

	<bean id="propertyConfigurer"
		class="org.springframework.beans.factory.config.PropertyPlaceholderConfigurer"
		p:location="/WEB-INF/classes/application.properties" 
	/>

	<bean id="db.dataSource" class="com.quintiles.e3.util.JndiObjectFactoryBean">
		<property name="jndiName">
			<value>${commons.db.datasource}</value>
		</property>
	</bean>

	<bean id="transactionManager"
			class="org.springframework.jdbc.datasource.DataSourceTransactionManager">
		<property name="dataSource" ref="db.dataSource" />
	</bean>

	<bean id="jdbcTemplate" class="org.springframework.jdbc.core.JdbcTemplate">
		<property name="dataSource" ref="db.dataSource" />
	</bean>

</beans>