<?xml version="1.0" encoding="UTF-8"?>
<beans 
	xmlns="http://www.springframework.org/schema/beans"
	xmlns:xsi="http://www.w3.org/2001/XMLSchema-instance" 
	xmlns:jaxrs="http://cxf.apache.org/jaxrs" 
	xsi:schemaLocation="
		http://www.springframework.org/schema/beans
		http://www.springframework.org/schema/beans/spring-beans.xsd
		http://cxf.apache.org/jaxrs
		http://cxf.apache.org/schemas/jaxrs.xsd"
>

	<import resource="classpath:META-INF/cxf/cxf-all.xml" />
	<import resource="classpath:META-INF/cxf/cxf-servlet.xml" />

	<jaxrs:server id="jobRESTService" address="/job">
		<jaxrs:serviceBeans>
			<ref bean="jobService" />
			<ref bean="folderService" />
		</jaxrs:serviceBeans>
		<jaxrs:extensionMappings>
			<entry key="json" value="application/json"/>
			<entry key="xml" value="application/xml" />
		</jaxrs:extensionMappings>
		<jaxrs:providers>
			<bean class="org.apache.cxf.jaxrs.provider.json.JSONProvider">
				<property name="dropRootElement" value="true" />
				<property name="supportUnwrapped" value="true" />
			</bean>
		</jaxrs:providers>
	</jaxrs:server>

	<bean id="jobService" 
			class="com.quintiles.structures.engine.JobService">
	</bean>
	<bean id="folderService" 
			class="com.quintiles.structures.engine.FolderService">
	</bean>

</beans>

