<?xml version="1.0" encoding="UTF-8"?>
<!DOCTYPE xml>
<configuration
	debug="true"
>
	<contextName>HealthCheck</contextName>
	<springProperty scope="context" name="LOG_BASE" source="LOG_BASE" />
	<springProperty scope="context" name="LOG_MODE" source="LOG_MODE" />

	<appender name="STDOUT" class="ch.qos.logback.core.ConsoleAppender">
		<encoder>
			<pattern>%d{HH:mm:ss.SSS} [%thread] %-5level %logger{36} - %msg%n</pattern>
		</encoder>
	</appender>

	<appender name="FILE" class="ch.qos.logback.core.rolling.RollingFileAppender">
		<file>${LOG_BASE}/health/export.log</file>
			<rollingPolicy class="ch.qos.logback.core.rolling.TimeBasedRollingPolicy">
			<!-- daily roll-over -->
			<fileNamePattern>${LOG_BASE}/health/export.%d{yyyy-MM-dd}.log</fileNamePattern>
			<!-- keep 30 days worth of history -->
			<maxHistory>30</maxHistory>
		</rollingPolicy>

		<encoder>
			<pattern>%d{HH:mm:ss.SSS} %level [%thread] %logger{35} - %msg%n</pattern>
		</encoder>
	</appender>

	<!-- individual log file for each job -->
	<appender name="SIFT" class="ch.qos.logback.classic.sift.SiftingAppender">
		<discriminator>
			<key>jobId</key>
			<defaultValue>unknown</defaultValue>
		</discriminator>
		<sift>
			<appender name="jobId" class="ch.qos.logback.core.rolling.RollingFileAppender">
				<file>${LOG_BASE}/health/batch-${jobId}.log</file>
					<rollingPolicy class="ch.qos.logback.core.rolling.TimeBasedRollingPolicy">
						<fileNamePattern>${LOG_BASE}/health/batch-${jobId}.%d{yyyy-MM-dd}.log</fileNamePattern>
						<totalSizeCap>3GB</totalSizeCap>
					</rollingPolicy>
					<encoder>
						<pattern>%d{HH:mm:ss.SSS} [%thread] %level %logger{35} - %msg%n</pattern>
					</encoder>
			</appender> 
		</sift>
	</appender>

	<!--  logger name="com.iqvia.healthcheck.batch" level="debug" -->
	<logger name="com.iqvia.healthcheck" level="debug">
		<appender-ref ref="SIFT" />
	</logger>
	<logger name="org.springframework.jdbc" level="debug">
		<appender-ref ref="SIFT" />
	</logger>
	<logger name="org.apache.ibatis" level="debug">
		<appender-ref ref="SIFT" />
	</logger>
	<logger name="org.mybatis" level="debug">
		<appender-ref ref="SIFT" />
	</logger>

	<root level="debug">
		<appender-ref ref="STDOUT" />
		<appender-ref ref="FILE" />
	</root>

	<!-- deployment or development logging -->
	<if condition='"${LOG_MODE}".equals("server")'>
		<then>
			<root level="info">
				<appender-ref ref="FILE" />
			</root>
		</then>
		<else>
			<root level="debug">
				<appender-ref ref="STDOUT" />
				<appender-ref ref="FILE" />
			</root>
		</else>
	</if>

</configuration>
