<?xml version="1.0" encoding="UTF-8" ?>
<!DOCTYPE configuration
        PUBLIC "-//mybatis.org//DTD Config 3.0//EN"
        "http://mybatis.org/dtd/mybatis-3-config.dtd">
<configuration>
	<properties resource='jdbc.properties'/>

    <typeAliases>
		<package name="com.iqvia.healthcheck.dao.models" />
    </typeAliases>

	<!-- environments default="${database.env}">

		<environment id="@DB.DEV@">
			<transactionManager type="JDBC">
				<property name="JDBC.autoCommit" value="true" />  
			</transactionManager>
			<dataSource type="POOLED">
				<property name="driver" value="${database.driver}"/>
				<property name="url" value="${database.url}"/>
				<property name="username" value="${database.username}"/>
				<property name="password" value="${database.password}"/>
			</dataSource>
		</environment>

		<environment id="runtime">
			<transactionManager type="JDBC">
				<property name="JDBC.autoCommit" value="true" />  
			</transactionManager>
			<dataSource type="JNDI">
				<property name="data_source" value="java:comp/env/jdbc/eelDatasource"/>
			</dataSource>
		</environment>

	</environments -->

    <mappers>
        <mapper resource="mappers/Job.xml"/>
        <mapper resource="mappers/Study.xml"/>
        <mapper resource="mappers/Document.xml"/>
        <mapper resource="mappers/Batch.xml"/>
        <mapper resource="mappers/Configuration.xml"/>
    </mappers>

</configuration>
