<configuration 
	debug="true"
	scan="true"
	scanPeriod="600 seconds" 
>
	<contextName>EEL3-Engine</contextName>
	<property scope="context" resource="application.properties" />

	<appender name="STDOUT" class="ch.qos.logback.core.ConsoleAppender">
		<encoder>
			<pattern>%d{HH:mm:ss.SSS} [%thread] %-5level %logger{36} - %msg%n</pattern>
		</encoder>
	</appender>

	<appender name="SITE_BATCH" class="ch.qos.logback.core.rolling.RollingFileAppender">
		<file>${LOG_BASE}/eel3_site_batch.log</file>
			<rollingPolicy class="ch.qos.logback.core.rolling.TimeBasedRollingPolicy">
			<!-- daily rollover -->
			<fileNamePattern>${LOG_BASE}/eel3_site_batch.%d{yyyy-MM-dd}.log</fileNamePattern>
			<!-- keep 20 days' worth of history -->
			<maxHistory>20</maxHistory>
		</rollingPolicy>

		<encoder>
			<pattern>%d{yyyy-MM-dd HH:mm:ss} %level [%thread] %-5level %logger{35} - %msg%n</pattern>
		</encoder>
	</appender> 

	<appender name="FILE" class="ch.qos.logback.core.rolling.RollingFileAppender">
		<file>${LOG_BASE}/eel3engine.log</file>
		<rollingPolicy class="ch.qos.logback.core.rolling.TimeBasedRollingPolicy">
			<!-- daily rollover -->
			<fileNamePattern>${LOG_BASE}/eel3engine.%d{yyyy-MM-dd}.log</fileNamePattern>
			<!-- keep 20 days' worth of history -->
			<maxHistory>20</maxHistory>
		</rollingPolicy>

		<encoder>
			<pattern>%d{yyyy-MM-dd HH:mm:ss} %level [%thread] %-5level %logger{35} - %msg%n</pattern>
		</encoder>
	</appender> 

	<appender name="SIFT" class="ch.qos.logback.classic.sift.SiftingAppender">
		<discriminator>
			<key>jobId</key>
			<defaultValue>base</defaultValue>
		</discriminator>
		<sift>
			<!-- appender name="FILE-${jobId}" class="ch.qos.logback.core.FileAppender">
				<file>${LOG_BASE}/logfile-${jobId}.log</file>
				<encoder class="ch.qos.logback.classic.encoder.PatternLayoutEncoder">
					<pattern>%d{HH:mm:ss.SSS} %level %logger{35} - %msg%n</pattern>
				</encoder>
			</appender -->
			<appender name="FILE-${jobId}" class="ch.qos.logback.core.rolling.RollingFileAppender">
				<file>${LOG_BASE}/logfile-${jobId}.log</file>
					<rollingPolicy class="ch.qos.logback.core.rolling.TimeBasedRollingPolicy">
						<fileNamePattern>${LOG_BASE}/logfile-${jobId}.%d{MM-dd}.log</fileNamePattern>
						<totalSizeCap>3GB</totalSizeCap>
					</rollingPolicy>
					<encoder>
						<pattern>%d{HH:mm:ss.SSS} %level %logger{35} - %msg%n</pattern>
					</encoder>
			</appender> 
		</sift>
	</appender>

	<!-- logger name="org.quartz" level="debug" -->
	<logger name="com.quintiles.structures.engine.jobs.SiteUpdateJob" level="debug" additivity="false">
		<appender-ref ref="SITE_BATCH" />
	</logger>

	<logger name="com.quintiles.structures.engine.jobs" level="debug">
		<appender-ref ref="SIFT" />
	</logger>

	<logger name="com.quintiles.lapi" level="debug" additivity="false">
		<appender-ref ref="SIFT" />
	</logger>

	<!-- logger name="org.spring.framework" level="debug" additivity="false">
		<appender-ref ref="STDOUT" />
	</logger -->

	<if condition='"${logmode}".equals("prod")'>
		<then>
			<root level="info">
				<appender-ref ref="FILE" />
			</root>
		</then>
		<else>
			<root level="debug">
				<appender-ref ref="STDOUT" />
				<appender-ref ref="FILE" />
			</root>
		</else>
	</if>

</configuration>
