<?xml version="1.0" encoding="UTF-8"?>
<con:soapui-project activeEnvironment="Default" name="EEL3 Engine" resourceRoot="" soapui-version="4.5.1" abortOnError="false" runType="SEQUENTIAL" xmlns:con="http://eviware.com/soapui/config"><con:settings/><con:interface xsi:type="con:RestService" wadlVersion="http://wadl.dev.java.net/2009/02" name="EEL3 Engine" type="rest" basePath="/EEL3_Engine/services/job" definitionUrl="http://usadc-vseeld01:8180/EEL3_Engine/services/job?_wadl" xmlns:xsi="http://www.w3.org/2001/XMLSchema-instance"><con:settings/><con:definitionCache type="TEXT" rootPart="http://localhost:8015/EEL3_Engine/services/job?_wadl"><con:part><con:url>http://localhost:8015/EEL3_Engine/services/job?_wadl</con:url><con:content><![CDATA[<application xmlns="http://wadl.dev.java.net/2009/02" xmlns:xs="http://www.w3.org/2001/XMLSchema">
  <grammars/>
  <resources base="http://localhost:8015/EEL3_Engine/services/job">
    <resource path="/create">
      <resource path="/country">
        <method name="GET">
          <request>
            <param name="pid" style="query" type="xs:int"/>
            <param name="country" style="query" type="xs:string"/>
          </request>
          <response>
            <representation mediaType="application/xml"/>
            <representation mediaType="application/json"/>
          </response>
        </method>
      </resource>
      <resource path="/project">
        <method name="GET">
          <request>
            <param name="pid" style="query" type="xs:int"/>
          </request>
          <response>
            <representation mediaType="application/xml"/>
            <representation mediaType="application/json"/>
          </response>
        </method>
      </resource>
      <resource path="/site">
        <method name="GET">
          <request>
            <param name="pid" style="query" type="xs:int"/>
            <param name="country" style="query" type="xs:string"/>
            <param name="site" style="query" type="xs:string"/>
          </request>
          <response>
            <representation mediaType="application/xml"/>
            <representation mediaType="application/json"/>
          </response>
        </method>
      </resource>
    </resource>
    <resource path="/folder">
      <resource path="/request">
        <method name="POST">
          <request>
            <representation mediaType="application/x-www-form-urlencoded"/>
          </request>
          <response>
            <representation mediaType="application/xml"/>
            <representation mediaType="application/json"/>
          </response>
        </method>
      </resource>
    </resource>
  </resources>
</application>]]></con:content><con:type>http://wadl.dev.java.net/2009/02</con:type></con:part></con:definitionCache><con:endpoints><con:endpoint>http://localhost:8015</con:endpoint><con:endpoint>http://usadc-vseeld01:8180/</con:endpoint></con:endpoints><con:resource name="/create" path="/create"><con:settings/><con:parameters/><con:resource name="/country" path="/country"><con:settings/><con:parameters/><con:method name="build country" method="GET"><con:settings/><con:parameters><con:parameter><con:name>pid</con:name><con:value xsi:nil="true"/><con:style>QUERY</con:style><con:type xmlns:xs="http://www.w3.org/2001/XMLSchema">xs:int</con:type><con:default xsi:nil="true"/></con:parameter><con:parameter><con:name>country</con:name><con:value xsi:nil="true"/><con:style>QUERY</con:style><con:type xmlns:xs="http://www.w3.org/2001/XMLSchema">xs:string</con:type><con:default xsi:nil="true"/></con:parameter></con:parameters><con:representation type="RESPONSE" id=""><con:mediaType>application/json</con:mediaType><con:params/><con:element xsi:nil="true"/><con:description xsi:nil="true"/></con:representation><con:representation type="RESPONSE" id=""><con:mediaType>application/xml</con:mediaType><con:params/><con:element xsi:nil="true"/><con:description xsi:nil="true"/></con:representation><con:request name="US" mediaType="application/xml" accept="application/xml"><con:settings><con:setting id="com.eviware.soapui.impl.wsdl.WsdlRequest@request-headers">&lt;xml-fragment/></con:setting></con:settings><con:endpoint>http://usadc-vseeld01:8180/</con:endpoint><con:request/><con:credentials><con:authType>Global HTTP Settings</con:authType></con:credentials><con:jmsConfig JMSDeliveryMode="PERSISTENT"/><con:jmsPropertyConfig/><con:parameters>
  <con:entry key="pid" value="154"/>
  <con:entry key="country" value="us"/>
</con:parameters></con:request><con:request name="UK" mediaType="application/xml" accept="application/json"><con:settings><con:setting id="com.eviware.soapui.impl.wsdl.WsdlRequest@request-headers">&lt;xml-fragment/></con:setting></con:settings><con:endpoint>http://usadc-vseeld01:8180/</con:endpoint><con:request/><con:credentials><con:authType>Global HTTP Settings</con:authType></con:credentials><con:jmsConfig JMSDeliveryMode="PERSISTENT"/><con:jmsPropertyConfig/><con:parameters>
  <con:entry key="pid" value="154"/>
  <con:entry key="country" value="gb"/>
</con:parameters></con:request><con:request name="CA" mediaType="application/xml" accept="application/json"><con:settings><con:setting id="com.eviware.soapui.impl.wsdl.WsdlRequest@request-headers">&lt;xml-fragment/></con:setting></con:settings><con:endpoint>http://usadc-vseeld01:8180/</con:endpoint><con:request/><con:credentials><con:authType>Global HTTP Settings</con:authType></con:credentials><con:jmsConfig JMSDeliveryMode="PERSISTENT"/><con:jmsPropertyConfig/><con:parameters>
  <con:entry key="pid" value="154"/>
  <con:entry key="country" value="ca"/>
</con:parameters></con:request><con:request name="ZA" mediaType="application/xml" accept="application/json"><con:settings><con:setting id="com.eviware.soapui.impl.wsdl.WsdlRequest@request-headers">&lt;xml-fragment/></con:setting></con:settings><con:endpoint>http://usadc-vseeld01:8180/</con:endpoint><con:request/><con:credentials><con:authType>Global HTTP Settings</con:authType></con:credentials><con:jmsConfig JMSDeliveryMode="PERSISTENT"/><con:jmsPropertyConfig/><con:parameters>
  <con:entry key="pid" value="154"/>
  <con:entry key="country" value="za"/>
</con:parameters></con:request></con:method></con:resource><con:resource name="/project" path="/project"><con:settings/><con:parameters/><con:method name="new project" method="GET"><con:settings/><con:parameters><con:parameter><con:name>pid</con:name><con:value xsi:nil="true"/><con:style>QUERY</con:style><con:type xmlns:xs="http://www.w3.org/2001/XMLSchema">xs:int</con:type><con:default xsi:nil="true"/></con:parameter></con:parameters><con:representation type="RESPONSE" id=""><con:mediaType>application/json</con:mediaType><con:params/><con:element xsi:nil="true"/><con:description xsi:nil="true"/></con:representation><con:representation type="RESPONSE" id=""><con:mediaType>application/xml</con:mediaType><con:params/><con:element xsi:nil="true"/><con:description xsi:nil="true"/></con:representation><con:request name="build INF-015" mediaType="application/xml" accept="application/json"><con:settings><con:setting id="com.eviware.soapui.impl.wsdl.WsdlRequest@request-headers">&lt;xml-fragment/></con:setting></con:settings><con:endpoint>http://usadc-vseeld01:8180/</con:endpoint><con:request/><con:credentials><con:authType>Global HTTP Settings</con:authType></con:credentials><con:jmsConfig JMSDeliveryMode="PERSISTENT"/><con:jmsPropertyConfig/><con:parameters><entry key="pid" value="154" xmlns="http://eviware.com/soapui/config"/></con:parameters></con:request><con:request name="invalid profile" mediaType="application/xml" accept="application/json"><con:settings><con:setting id="com.eviware.soapui.impl.wsdl.WsdlRequest@request-headers">&lt;xml-fragment/></con:setting></con:settings><con:endpoint>http://usadc-vseeld01:8180/</con:endpoint><con:request/><con:credentials><con:authType>Global HTTP Settings</con:authType></con:credentials><con:jmsConfig JMSDeliveryMode="PERSISTENT"/><con:jmsPropertyConfig/><con:parameters><entry key="pid" value="666" xmlns="http://eviware.com/soapui/config"/></con:parameters></con:request></con:method></con:resource><con:resource name="/site" path="/site"><con:settings/><con:parameters/><con:method name="new site" method="GET"><con:settings/><con:parameters><con:parameter><con:name>pid</con:name><con:value xsi:nil="true"/><con:style>QUERY</con:style><con:type xmlns:xs="http://www.w3.org/2001/XMLSchema">xs:int</con:type><con:default xsi:nil="true"/></con:parameter><con:parameter><con:name>country</con:name><con:value xsi:nil="true"/><con:style>QUERY</con:style><con:type xmlns:xs="http://www.w3.org/2001/XMLSchema">xs:string</con:type><con:default xsi:nil="true"/></con:parameter><con:parameter><con:name>site</con:name><con:value xsi:nil="true"/><con:style>QUERY</con:style><con:type xmlns:xs="http://www.w3.org/2001/XMLSchema">xs:string</con:type><con:default xsi:nil="true"/></con:parameter></con:parameters><con:representation type="RESPONSE" id=""><con:mediaType>application/json</con:mediaType><con:params/><con:element xsi:nil="true"/><con:description xsi:nil="true"/></con:representation><con:representation type="RESPONSE" id=""><con:mediaType>application/xml</con:mediaType><con:params/><con:element xsi:nil="true"/><con:description xsi:nil="true"/></con:representation><con:request name="build INF-015, 105" mediaType="application/xml" accept="application/json"><con:settings><con:setting id="com.eviware.soapui.impl.wsdl.WsdlRequest@request-headers">&lt;xml-fragment/></con:setting></con:settings><con:endpoint>http://usadc-vseeld01:8180/</con:endpoint><con:request/><con:credentials><con:authType>Global HTTP Settings</con:authType></con:credentials><con:jmsConfig JMSDeliveryMode="PERSISTENT"/><con:jmsPropertyConfig/><con:parameters>
  <con:entry key="site" value="105"/>
  <con:entry key="pid" value="154"/>
</con:parameters></con:request></con:method></con:resource></con:resource><con:resource name="/folder" path="/folder"><con:settings/><con:parameters/><con:resource name="/request" path="/request"><con:settings/><con:parameters/><con:method name="get artifact folder" method="POST"><con:settings/><con:parameters><con:parameter><con:name>customer</con:name><con:value>INFOSARIO</con:value><con:style>QUERY</con:style><con:default>INFOSARIO</con:default></con:parameter><con:parameter><con:name>project</con:name><con:value>INF00000</con:value><con:style>QUERY</con:style><con:default>INF00000</con:default></con:parameter><con:parameter><con:name>protocol</con:name><con:value>PROT-INF000</con:value><con:style>QUERY</con:style><con:default>PROT-INF000</con:default></con:parameter><con:parameter><con:name>country</con:name><con:value/><con:style>QUERY</con:style><con:default/></con:parameter><con:parameter><con:name>site</con:name><con:value/><con:style>QUERY</con:style><con:default/></con:parameter><con:parameter><con:name>zone</con:name><con:value/><con:style>QUERY</con:style><con:default/></con:parameter><con:parameter><con:name>section</con:name><con:value/><con:style>QUERY</con:style><con:default/></con:parameter><con:parameter><con:name>artifact</con:name><con:style>QUERY</con:style></con:parameter></con:parameters><con:request name="existing core" mediaType="application/x-www-form-urlencoded" postQueryString="true" accept="application/json"><con:settings><con:setting id="com.eviware.soapui.impl.wsdl.WsdlRequest@request-headers">&lt;xml-fragment/></con:setting><con:setting id="RecordRequestRepresentations">false</con:setting></con:settings><con:endpoint>http://usadc-vseeld01:8180/</con:endpoint><con:request/><con:credentials><con:authType>Global HTTP Settings</con:authType></con:credentials><con:jmsConfig JMSDeliveryMode="PERSISTENT"/><con:jmsPropertyConfig/><con:parameters>
  <con:entry key="project" value="INF00015"/>
  <con:entry key="artifact" value="Relevant Communications-Medical Advisor-Email"/>
  <con:entry key="protocol" value="PROT-INF015"/>
  <con:entry key="section" value="General"/>
  <con:entry key="zone" value="Trial Management"/>
</con:parameters></con:request><con:request name="existing country" mediaType="application/x-www-form-urlencoded" postQueryString="true" accept="application/json"><con:settings><con:setting id="com.eviware.soapui.impl.wsdl.WsdlRequest@request-headers">&lt;xml-fragment/></con:setting><con:setting id="RecordRequestRepresentations">false</con:setting></con:settings><con:endpoint>http://usadc-vseeld01:8180/</con:endpoint><con:request/><con:credentials><con:authType>Global HTTP Settings</con:authType></con:credentials><con:jmsConfig JMSDeliveryMode="PERSISTENT"/><con:jmsPropertyConfig/><con:parameters>
  <con:entry key="project" value="INF00015"/>
  <con:entry key="protocol" value="PROT-INF015"/>
  <con:entry key="artifact" value="Relevant Communications-Email"/>
  <con:entry key="zone" value="Regulatory"/>
  <con:entry key="section" value="General"/>
  <con:entry key="country" value="US"/>
</con:parameters></con:request><con:request name="existing site" mediaType="application/x-www-form-urlencoded" postQueryString="true" accept="application/json"><con:settings><con:setting id="com.eviware.soapui.impl.wsdl.WsdlRequest@request-headers">&lt;xml-fragment/></con:setting><con:setting id="RecordRequestRepresentations">false</con:setting></con:settings><con:endpoint>http://usadc-vseeld01:8180/</con:endpoint><con:request/><con:credentials><con:authType>Global HTTP Settings</con:authType></con:credentials><con:jmsConfig JMSDeliveryMode="PERSISTENT"/><con:jmsPropertyConfig/><con:parameters>
  <con:entry key="site" value="105"/>
  <con:entry key="project" value="INF00015"/>
  <con:entry key="artifact" value="Final Data (EDC output)"/>
  <con:entry key="protocol" value="PROT-INF015"/>
  <con:entry key="zone" value="Data Management"/>
  <con:entry key="section" value="Data Capture"/>
  <con:entry key="country" value="US"/>
</con:parameters></con:request><con:request name="invalid DIA reference" mediaType="application/x-www-form-urlencoded" postQueryString="true" accept="application/json"><con:settings><con:setting id="com.eviware.soapui.impl.wsdl.WsdlRequest@request-headers">&lt;xml-fragment/></con:setting><con:setting id="RecordRequestRepresentations">false</con:setting></con:settings><con:endpoint>http://usadc-vseeld01:8180/</con:endpoint><con:request/><con:credentials><con:authType>Global HTTP Settings</con:authType></con:credentials><con:jmsConfig JMSDeliveryMode="PERSISTENT"/><con:jmsPropertyConfig/><con:parameters>
  <con:entry key="project" value="INF00015"/>
  <con:entry key="protocol" value="PROT-INF015"/>
  <con:entry key="artifact" value="Eye of Sauron"/>
  <con:entry key="zone" value="Trial Management"/>
  <con:entry key="section" value="General"/>
</con:parameters></con:request><con:request name="JIT core" mediaType="application/x-www-form-urlencoded" postQueryString="true" accept="application/json"><con:settings><con:setting id="com.eviware.soapui.impl.wsdl.WsdlRequest@request-headers">&lt;xml-fragment/></con:setting><con:setting id="RecordRequestRepresentations">false</con:setting></con:settings><con:endpoint>http://usadc-vseeld01:8180/</con:endpoint><con:request/><con:credentials><con:authType>Global HTTP Settings</con:authType></con:credentials><con:jmsConfig JMSDeliveryMode="PERSISTENT"/><con:jmsPropertyConfig/><con:parameters>
  <con:entry key="project" value="INF00015"/>
  <con:entry key="protocol" value="PROT-INF015"/>
  <con:entry key="artifact" value="Filenote"/>
  <con:entry key="zone" value="Statistics"/>
  <con:entry key="section" value="General"/>
</con:parameters></con:request><con:request name="JIT country" mediaType="application/x-www-form-urlencoded" postQueryString="true" accept="application/json"><con:settings><con:setting id="com.eviware.soapui.impl.wsdl.WsdlRequest@request-headers">&lt;xml-fragment/></con:setting><con:setting id="RecordRequestRepresentations">false</con:setting></con:settings><con:endpoint>http://usadc-vseeld01:8180/</con:endpoint><con:request/><con:credentials><con:authType>Global HTTP Settings</con:authType></con:credentials><con:jmsConfig JMSDeliveryMode="PERSISTENT"/><con:jmsPropertyConfig/><con:parameters>
  <con:entry key="project" value="INF00015"/>
  <con:entry key="artifact" value="Filenote"/>
  <con:entry key="protocol" value="PROT-INF015"/>
  <con:entry key="section" value="General"/>
  <con:entry key="zone" value="Data Management"/>
  <con:entry key="country" value="us"/>
</con:parameters></con:request><con:request name="JIT country, trigger build" mediaType="application/x-www-form-urlencoded" postQueryString="true" accept="application/json"><con:settings><con:setting id="com.eviware.soapui.impl.wsdl.WsdlRequest@request-headers">&lt;xml-fragment/></con:setting><con:setting id="RecordRequestRepresentations">false</con:setting></con:settings><con:endpoint>http://usadc-vseeld01:8180/</con:endpoint><con:request/><con:credentials><con:authType>Global HTTP Settings</con:authType></con:credentials><con:jmsConfig JMSDeliveryMode="PERSISTENT"/><con:jmsPropertyConfig/><con:parameters>
  <con:entry key="project" value="INF00015"/>
  <con:entry key="protocol" value="PROT-INF015"/>
  <con:entry key="artifact" value="Filenote"/>
  <con:entry key="zone" value="Data Management"/>
  <con:entry key="section" value="General"/>
  <con:entry key="country" value="fi"/>
</con:parameters></con:request></con:method></con:resource></con:resource></con:interface><con:properties/><con:wssContainer/></con:soapui-project>