<?xml version="1.0" encoding="UTF-8" ?>
<!DOCTYPE mapper
        PUBLIC "-//mybatis.org//DTD Mapper 3.0//EN"
        "http://mybatis.org/dtd/mybatis-3-mapper.dtd">

<mapper namespace='com.iqvia.healthcheck.dao.DocumentMapper'>

	<resultMap type='Document' id='documentResult'>
		<id property='dataId' column='dataid' />
		<result property='sponsor' column='sponsor' />
		<result property='protocolNumber' column='protocol_number' />
		<result property='projectCode' column='project_code' />
		<result property='country' column='country' />
		<result property='countryCode' column='country_code' />
		<result property='siteId' column='site_id' />
		<result property='siteName' column='site_name' />
		<result property='investigatorName' column='investigator_name' />
		<result property='docClass' column='class' />
		<result property='zone' column='zone' />
		<result property='section' column='section' />
		<result property='artifact' column='artifact' />
		<result property='diaKey' column='dia_key' />
		<result property='docAbbreviation' column='doc_abbreviation' />
		<result property='isUnblinded' column='is_unblinded' />
		<result property='docFullName' column='doc_full_name' />
		<result property='docDate' column='doc_date' />
		<result property='createDate' column='createdate' />
		<result property='documentLanguage' column='documentlanguage' />
		<result property='languageAbbreviation' column='languageabbreviation' />
		<result property='languageIdentifier' column='languageidentifier' />
		<result property='firstName' column='first_name' />
		<result property='lastName' column='last_name' />
		<result property='organizationId' column='organization_id' />
		<result property='drugType' column='drug_type' />
		<result property='visitType' column='visit_type' />
		<result property='visitDocId' column='visit_doc_id' />
		<result property='reportVersion' column='report_version' />
		<result property='eventIdentifier' column='eventidentifier' />
		<result property='url' column='url' />
		<result property='recType' column='rec_type' />
		<result property='lastExpDate' column='last_exp_dt' />
		<result property='lastUpdDate' column='last_upd_dt' />
		<result property='wingspanId' column='wingspan_id' />
		<result property='wingspanResponse' column='wingspan_response' />
		<result property='errGroup' column='error_group' />
		<result property='parentId' column='parentid' />
		<result property='projectDataId' column='project_dataid' />
		<result property='exportId' column='exportid' />
		<result property='exportReason' column='export_reason' />
	</resultMap>

	<resultMap type='DocExport' id='exportResult'>
		<id property='dataId' column='dataid' />
		<result property='jobId' column='jobid' />
		<result property='fileName' column='file_name' />
		<result property='lineOrder' column='line_order' />
		<result property='csvLine' column='file_line' />
	</resultMap>


	<select id='getDocById' resultMap='documentResult'>
		select 
			dataid, sponsor, protocol_number, project_code,
			country, country_code, site_id, site_name, investigator_name,
			class, zone, section, artifact, dia_key,
			doc_abbreviation, is_unblinded, 
			doc_full_name,
			doc_date, createdate,
			documentlanguage, languageabbreviation, languageidentifier,
			first_name, last_name, organization_id, drug_type,
			visit_type, visit_doc_id, report_version, eventidentifier,
			url,
			rec_type, last_exp_dt, last_upd_dt, 
			wingspan_id, wingspan_response, error_group,
			parentid, project_dataid, exportid, export_reason
		from exp_document_export
		where dataid = #{p_dataid}
	</select>

	<!-- get all docs from export for a study -->
	<select id='getDocsByStudy' resultMap='documentResult'>
		select 
			dataid, sponsor, protocol_number, project_code,
			country, country_code, site_id, site_name, investigator_name,
			class, zone, section, artifact, dia_key,
			doc_abbreviation, is_unblinded, 
			doc_full_name,
			doc_date, createdate,
			documentlanguage, 
			export_reason
		from exp_document_export
		where protocol_number = #{p_protocol_number}
		order by dataid
	</select>

	<!-- get paged set of export docs for job -->
	<select id='getSpoolDocsForJob' statementType='CALLABLE' >
			CALL WINGSPAN_UPLOAD.get_job_export_docs(
					#{p_jobid, mode=IN, javaType=Long, jdbcType=NUMERIC},
					#{p_offset, mode=IN, jdbcType=NUMERIC},
					#{p_result, mode=OUT, jdbcType=CURSOR, javaType=java.sql.ResultSet, resultMap=exportResult}
			)
	</select>

	<!-- remove staging export after processing -->
	<update id="removeFromExportStaging" statementType='CALLABLE'>
			CALL WINGSPAN_UPLOAD.remove_staging_doc(
					#{p_jobid, mode=IN, javaType=Long, jdbcType=NUMERIC},
					#{p_order, mode=IN, jdbcType=NUMERIC}
			)
	</update>

	<!-- set the exported document status -->
	<update id='setUploadStatus'  statementType='CALLABLE'>
			CALL WINGSPAN_UPLOAD.set_doc_upload_status(
					#{p_dataid, mode=IN, javaType=Long, jdbcType=NUMERIC},
					#{p_wingspan_id, mode=IN, javaType=String, jdbcType=VARCHAR},
					#{p_wingspan_response, mode=IN, javaType=String, jdbcType=VARCHAR},
					#{p_error_group, mode=IN, javaType=String, jdbcType=VARCHAR}
			)
	</update>


	<!-- document lists from the delete and duplicate table -->
	<select id='duplicateDocList' resultMap='documentResult'>
		select 
			dataid, protocol_number, wingspan_id
		from temp_doc_dups
		where protocol_number = #{p_protocol_number}
			and wingspan_id is not null
	</select>

	<select id='deleteDocList' resultMap='documentResult'>
		select 
			dataid, protocol_number, wingspan_id
		from temp_doc_deletes
		where protocol_number = #{p_protocol_number}
			and wingspan_id is not null
	</select>



</mapper>
