<?xml version="1.0" encoding="UTF-8" ?>
<!DOCTYPE mapper
        PUBLIC "-//mybatis.org//DTD Mapper 3.0//EN"
        "http://mybatis.org/dtd/mybatis-3-mapper.dtd">

<mapper namespace='com.iqvia.healthcheck.dao.JobMapper'>

	<!-- this does not get "ALL", only the last 250 -->
	<select id='getAll' resultType='Job'>
		select *
		from (
				select jobid, jobcreated, jobstatus, jobtype, jobparam, exportcount 
				from exp_job_master
				order by jobid desc
			)
		where rownum &lt; 250
	</select>

	<select id='findById' resultType='Job'>
		select jobid, jobcreated, jobstatus, jobtype, jobparam, exportcount
		from exp_job_master
		where jobid = #{p_jobid}
	</select>


	<select id='getNextJobId' resultType='Long'>
		select job_seq.NEXTVAL
		from dual
		where 0 = (
				select count(*)
				from exp_job_master
				where jobstatus &lt;&gt; 'COMPLETED'
					and jobparam = #{p_sponsor} || ':' || #{p_protocol}
			)
	</select>


	<!-- count the number of running jobs -->
	<select id='getRunCount' resultType='Long'>
		SELECT count(1)
		FROM exp_job_master
		WHERE jobstatus != 'COMPLETED'
	</select>

	<!-- update job status -->
	<update id='setStatus' statementType='CALLABLE'>
			CALL WINGSPAN_UPLOAD.set_job_status(
					#{p_jobid, mode=IN, javaType=Long, jdbcType=NUMERIC},
					#{p_jobstatus, mode=IN, javaType=String, jdbcType=VARCHAR}
			)
	</update>

	<!-- call package mark job as completed -->
	<update id='setCompleted' statementType='CALLABLE' >
		{
			CALL WINGSPAN_UPLOAD.set_completed(
					#{p_jobid, mode=IN, javaType=Long, jdbcType=NUMERIC}
			)
		}
	</update>

	<!-- call package to create single job and spool output -->
	<update id='expBatchJob' statementType='CALLABLE' >
		{
			CALL WINGSPAN_UPLOAD.exp_batch_job(
					#{p_sponsor, mode=IN, jdbcType=VARCHAR},
					#{p_protocol, mode=IN, jdbcType=VARCHAR},
					#{p_jobid, mode=IN, javaType=Long, jdbcType=NUMERIC}
			)
		}
	</update>

</mapper>
