<?xml version="1.0" encoding="UTF-8" ?>
<!DOCTYPE mapper
        PUBLIC "-//mybatis.org//DTD Mapper 3.0//EN"
        "http://mybatis.org/dtd/mybatis-3-mapper.dtd">

<mapper namespace='com.iqvia.healthcheck.dao.StudyMapper'>

	<resultMap type='Study' id='studyResult'>
		<!-- id property='configId' column='config_id' / -->
		<result property='sponsor' column='sponsor' />
		<result property='protocolNumber' column='protocol_number' />
		<result property='protocolStnd' column='protocol_number_stnd' />
		<result property='lastUpdate' column='last_update' />
		<result property='currStatus' column='curr_status' />
		<result property='lastJobId' column='last_jobid' />
		<result property='lastStatus' column='last_status' />
		<result property='lastMessage' column='last_message' />
		<result property='allJobYn' column='all_job_yn' />
	</resultMap>

	<select id='getAll' resultMap='studyResult'>
		select sponsor, protocol_number, protocol_number_stnd,
			last_update, curr_status, last_jobid, last_status, last_message,
			all_job_yn
		from exp_study_list
		order by 1, 2
	</select>

	<select id='getByProtocol' resultMap='studyResult'>
		select sponsor, protocol_number, protocol_number_stnd,
			last_update, curr_status, last_jobid, last_status, last_message,
			all_job_yn
		from exp_study_list
		where protocol_number = #{protocol}
		order by 1, 2
	</select>

	<!-- get run queue -->
	<select id='getRunQueue' statementType='CALLABLE' >
			CALL WINGSPAN_UPLOAD.get_job_run_queue(
					#{p_result, mode=OUT, jdbcType=CURSOR, javaType=java.sql.ResultSet, resultMap=studyResult}
			)
	</select>


	<update id='setAllJob' >
		update exp_study_list
		set all_job_yn = #{flag}
		where protocol_number_stnd = #{protocol}
	</update>

</mapper>
