<?xml version="1.0" encoding="UTF-8" standalone="no"?>
<!-- WARNING: Eclipse auto-generated file.
              Any modifications will be overwritten.
              To include a user specific buildfile here, simply create one in the same
              directory with the processing instruction <?eclipse.ant.import?>
              as the first entry and export the buildfile again. -->
	<project basedir="." default="clean" name="healthcheck">
    <property environment="env"/>
    <property name="ECLIPSE_HOME" value="../../../Eclipse/photon/"/>
    <property name="junit.output.dir" value="components/junit"/>
    <property name="health-check-transform.location" value="../../GitLab/health-check-transform"/>
    <property name="debuglevel" value="source,lines,vars"/>
    <property name="target" value="1.8"/>
    <property name="source" value="1.8"/>
    <path id="Maven Dependencies.libraryclasspath">
        <pathelement location="../../../../Users/q766769/.m2/repository/org/springframework/boot/spring-boot-starter-batch/2.1.5.RELEASE/spring-boot-starter-batch-2.1.5.RELEASE.jar"/>
        <pathelement location="../../../../Users/q766769/.m2/repository/org/springframework/boot/spring-boot-starter/2.1.5.RELEASE/spring-boot-starter-2.1.5.RELEASE.jar"/>
        <pathelement location="../../../../Users/q766769/.m2/repository/org/springframework/boot/spring-boot/2.1.5.RELEASE/spring-boot-2.1.5.RELEASE.jar"/>
        <pathelement location="../../../../Users/q766769/.m2/repository/org/springframework/boot/spring-boot-autoconfigure/2.1.5.RELEASE/spring-boot-autoconfigure-2.1.5.RELEASE.jar"/>
        <pathelement location="../../../../Users/q766769/.m2/repository/org/springframework/boot/spring-boot-starter-logging/2.1.5.RELEASE/spring-boot-starter-logging-2.1.5.RELEASE.jar"/>
        <pathelement location="../../../../Users/q766769/.m2/repository/ch/qos/logback/logback-classic/1.2.3/logback-classic-1.2.3.jar"/>
        <pathelement location="../../../../Users/q766769/.m2/repository/ch/qos/logback/logback-core/1.2.3/logback-core-1.2.3.jar"/>
        <pathelement location="../../../../Users/q766769/.m2/repository/org/apache/logging/log4j/log4j-to-slf4j/2.11.2/log4j-to-slf4j-2.11.2.jar"/>
        <pathelement location="../../../../Users/q766769/.m2/repository/org/apache/logging/log4j/log4j-api/2.11.2/log4j-api-2.11.2.jar"/>
        <pathelement location="../../../../Users/q766769/.m2/repository/org/slf4j/jul-to-slf4j/1.7.26/jul-to-slf4j-1.7.26.jar"/>
        <pathelement location="../../../../Users/q766769/.m2/repository/org/yaml/snakeyaml/1.23/snakeyaml-1.23.jar"/>
        <pathelement location="../../../../Users/q766769/.m2/repository/org/springframework/boot/spring-boot-starter-jdbc/2.1.5.RELEASE/spring-boot-starter-jdbc-2.1.5.RELEASE.jar"/>
        <pathelement location="../../../../Users/q766769/.m2/repository/org/springframework/batch/spring-batch-core/4.1.2.RELEASE/spring-batch-core-4.1.2.RELEASE.jar"/>
        <pathelement location="../../../../Users/q766769/.m2/repository/javax/batch/javax.batch-api/1.0/javax.batch-api-1.0.jar"/>
        <pathelement location="../../../../Users/q766769/.m2/repository/org/codehaus/jettison/jettison/1.2/jettison-1.2.jar"/>
        <pathelement location="../../../../Users/q766769/.m2/repository/org/springframework/batch/spring-batch-infrastructure/4.1.2.RELEASE/spring-batch-infrastructure-4.1.2.RELEASE.jar"/>
        <pathelement location="../../../../Users/q766769/.m2/repository/org/springframework/retry/spring-retry/1.2.4.RELEASE/spring-retry-1.2.4.RELEASE.jar"/>
        <pathelement location="../../../../Users/q766769/.m2/repository/org/springframework/spring-aop/5.1.7.RELEASE/spring-aop-5.1.7.RELEASE.jar"/>
        <pathelement location="../../../../Users/q766769/.m2/repository/org/springframework/spring-beans/5.1.7.RELEASE/spring-beans-5.1.7.RELEASE.jar"/>
        <pathelement location="../../../../Users/q766769/.m2/repository/org/springframework/spring-context/5.1.7.RELEASE/spring-context-5.1.7.RELEASE.jar"/>
        <pathelement location="../../../../Users/q766769/.m2/repository/org/springframework/spring-tx/5.1.7.RELEASE/spring-tx-5.1.7.RELEASE.jar"/>
        <pathelement location="../../../../Users/q766769/.m2/repository/org/springframework/boot/spring-boot-starter-thymeleaf/2.1.5.RELEASE/spring-boot-starter-thymeleaf-2.1.5.RELEASE.jar"/>
        <pathelement location="../../../../Users/q766769/.m2/repository/org/thymeleaf/thymeleaf-spring5/3.0.11.RELEASE/thymeleaf-spring5-3.0.11.RELEASE.jar"/>
        <pathelement location="../../../../Users/q766769/.m2/repository/org/thymeleaf/thymeleaf/3.0.11.RELEASE/thymeleaf-3.0.11.RELEASE.jar"/>
        <pathelement location="../../../../Users/q766769/.m2/repository/org/attoparser/attoparser/2.0.5.RELEASE/attoparser-2.0.5.RELEASE.jar"/>
        <pathelement location="../../../../Users/q766769/.m2/repository/org/unbescape/unbescape/1.1.6.RELEASE/unbescape-1.1.6.RELEASE.jar"/>
        <pathelement location="../../../../Users/q766769/.m2/repository/org/slf4j/slf4j-api/1.7.26/slf4j-api-1.7.26.jar"/>
        <pathelement location="../../../../Users/q766769/.m2/repository/org/thymeleaf/extras/thymeleaf-extras-java8time/3.0.4.RELEASE/thymeleaf-extras-java8time-3.0.4.RELEASE.jar"/>
        <pathelement location="../../../../Users/q766769/.m2/repository/org/springframework/boot/spring-boot-starter-web/2.1.5.RELEASE/spring-boot-starter-web-2.1.5.RELEASE.jar"/>
        <pathelement location="../../../../Users/q766769/.m2/repository/org/springframework/boot/spring-boot-starter-json/2.1.5.RELEASE/spring-boot-starter-json-2.1.5.RELEASE.jar"/>
        <pathelement location="../../../../Users/q766769/.m2/repository/com/fasterxml/jackson/datatype/jackson-datatype-jdk8/2.9.8/jackson-datatype-jdk8-2.9.8.jar"/>
        <pathelement location="../../../../Users/q766769/.m2/repository/com/fasterxml/jackson/datatype/jackson-datatype-jsr310/2.9.8/jackson-datatype-jsr310-2.9.8.jar"/>
        <pathelement location="../../../../Users/q766769/.m2/repository/com/fasterxml/jackson/module/jackson-module-parameter-names/2.9.8/jackson-module-parameter-names-2.9.8.jar"/>
        <pathelement location="../../../../Users/q766769/.m2/repository/org/hibernate/validator/hibernate-validator/6.0.16.Final/hibernate-validator-6.0.16.Final.jar"/>
        <pathelement location="../../../../Users/q766769/.m2/repository/javax/validation/validation-api/2.0.1.Final/validation-api-2.0.1.Final.jar"/>
        <pathelement location="../../../../Users/q766769/.m2/repository/org/jboss/logging/jboss-logging/3.3.2.Final/jboss-logging-3.3.2.Final.jar"/>
        <pathelement location="../../../../Users/q766769/.m2/repository/com/fasterxml/classmate/1.4.0/classmate-1.4.0.jar"/>
        <pathelement location="../../../../Users/q766769/.m2/repository/org/springframework/spring-web/5.1.7.RELEASE/spring-web-5.1.7.RELEASE.jar"/>
        <pathelement location="../../../../Users/q766769/.m2/repository/org/springframework/spring-webmvc/5.1.7.RELEASE/spring-webmvc-5.1.7.RELEASE.jar"/>
        <pathelement location="../../../../Users/q766769/.m2/repository/org/springframework/spring-expression/5.1.7.RELEASE/spring-expression-5.1.7.RELEASE.jar"/>
        <pathelement location="../../../../Users/q766769/.m2/repository/org/mybatis/spring/boot/mybatis-spring-boot-starter/2.0.1/mybatis-spring-boot-starter-2.0.1.jar"/>
        <pathelement location="../../../../Users/q766769/.m2/repository/org/mybatis/spring/boot/mybatis-spring-boot-autoconfigure/2.0.1/mybatis-spring-boot-autoconfigure-2.0.1.jar"/>
        <pathelement location="../../../../Users/q766769/.m2/repository/org/mybatis/mybatis/3.5.1/mybatis-3.5.1.jar"/>
        <pathelement location="../../../../Users/q766769/.m2/repository/org/mybatis/mybatis-spring/2.0.1/mybatis-spring-2.0.1.jar"/>
        <pathelement location="../../../../Users/q766769/.m2/repository/org/projectlombok/lombok/1.18.8/lombok-1.18.8.jar"/>
        <pathelement location="../../../../Users/q766769/.m2/repository/org/springframework/boot/spring-boot-starter-tomcat/2.1.5.RELEASE/spring-boot-starter-tomcat-2.1.5.RELEASE.jar"/>
        <pathelement location="../../../../Users/q766769/.m2/repository/javax/annotation/javax.annotation-api/1.3.2/javax.annotation-api-1.3.2.jar"/>
        <pathelement location="../../../../Users/q766769/.m2/repository/org/apache/tomcat/embed/tomcat-embed-core/9.0.19/tomcat-embed-core-9.0.19.jar"/>
        <pathelement location="../../../../Users/q766769/.m2/repository/org/apache/tomcat/embed/tomcat-embed-el/9.0.19/tomcat-embed-el-9.0.19.jar"/>
        <pathelement location="../../../../Users/q766769/.m2/repository/org/apache/tomcat/embed/tomcat-embed-websocket/9.0.19/tomcat-embed-websocket-9.0.19.jar"/>
        <pathelement location="../../../../Users/q766769/.m2/repository/org/springframework/boot/spring-boot-starter-test/2.1.5.RELEASE/spring-boot-starter-test-2.1.5.RELEASE.jar"/>
        <pathelement location="../../../../Users/q766769/.m2/repository/org/springframework/boot/spring-boot-test/2.1.5.RELEASE/spring-boot-test-2.1.5.RELEASE.jar"/>
        <pathelement location="../../../../Users/q766769/.m2/repository/org/springframework/boot/spring-boot-test-autoconfigure/2.1.5.RELEASE/spring-boot-test-autoconfigure-2.1.5.RELEASE.jar"/>
        <pathelement location="../../../../Users/q766769/.m2/repository/com/jayway/jsonpath/json-path/2.4.0/json-path-2.4.0.jar"/>
        <pathelement location="../../../../Users/q766769/.m2/repository/net/minidev/json-smart/2.3/json-smart-2.3.jar"/>
        <pathelement location="../../../../Users/q766769/.m2/repository/net/minidev/accessors-smart/1.2/accessors-smart-1.2.jar"/>
        <pathelement location="../../../../Users/q766769/.m2/repository/org/ow2/asm/asm/5.0.4/asm-5.0.4.jar"/>
        <pathelement location="../../../../Users/q766769/.m2/repository/junit/junit/4.12/junit-4.12.jar"/>
        <pathelement location="../../../../Users/q766769/.m2/repository/org/assertj/assertj-core/3.11.1/assertj-core-3.11.1.jar"/>
        <pathelement location="../../../../Users/q766769/.m2/repository/org/mockito/mockito-core/2.23.4/mockito-core-2.23.4.jar"/>
        <pathelement location="../../../../Users/q766769/.m2/repository/net/bytebuddy/byte-buddy/1.9.12/byte-buddy-1.9.12.jar"/>
        <pathelement location="../../../../Users/q766769/.m2/repository/net/bytebuddy/byte-buddy-agent/1.9.12/byte-buddy-agent-1.9.12.jar"/>
        <pathelement location="../../../../Users/q766769/.m2/repository/org/objenesis/objenesis/2.6/objenesis-2.6.jar"/>
        <pathelement location="../../../../Users/q766769/.m2/repository/org/hamcrest/hamcrest-core/1.3/hamcrest-core-1.3.jar"/>
        <pathelement location="../../../../Users/q766769/.m2/repository/org/hamcrest/hamcrest-library/1.3/hamcrest-library-1.3.jar"/>
        <pathelement location="../../../../Users/q766769/.m2/repository/org/skyscreamer/jsonassert/1.5.0/jsonassert-1.5.0.jar"/>
        <pathelement location="../../../../Users/q766769/.m2/repository/com/vaadin/external/google/android-json/0.0.20131108.vaadin1/android-json-0.0.20131108.vaadin1.jar"/>
        <pathelement location="../../../../Users/q766769/.m2/repository/org/springframework/spring-core/5.1.7.RELEASE/spring-core-5.1.7.RELEASE.jar"/>
        <pathelement location="../../../../Users/q766769/.m2/repository/org/springframework/spring-jcl/5.1.7.RELEASE/spring-jcl-5.1.7.RELEASE.jar"/>
        <pathelement location="../../../../Users/q766769/.m2/repository/org/springframework/spring-test/5.1.7.RELEASE/spring-test-5.1.7.RELEASE.jar"/>
        <pathelement location="../../../../Users/q766769/.m2/repository/org/xmlunit/xmlunit-core/2.6.2/xmlunit-core-2.6.2.jar"/>
        <pathelement location="../../../../Users/q766769/.m2/repository/org/springframework/batch/spring-batch-test/4.1.2.RELEASE/spring-batch-test-4.1.2.RELEASE.jar"/>
        <pathelement location="../../../../Users/q766769/.m2/repository/org/springframework/spring-jdbc/5.1.7.RELEASE/spring-jdbc-5.1.7.RELEASE.jar"/>
        <pathelement location="../../../../Users/q766769/.m2/repository/org/springframework/boot/spring-boot-starter-actuator/2.1.5.RELEASE/spring-boot-starter-actuator-2.1.5.RELEASE.jar"/>
        <pathelement location="../../../../Users/q766769/.m2/repository/org/springframework/boot/spring-boot-actuator-autoconfigure/2.1.5.RELEASE/spring-boot-actuator-autoconfigure-2.1.5.RELEASE.jar"/>
        <pathelement location="../../../../Users/q766769/.m2/repository/org/springframework/boot/spring-boot-actuator/2.1.5.RELEASE/spring-boot-actuator-2.1.5.RELEASE.jar"/>
        <pathelement location="../../../../Users/q766769/.m2/repository/io/micrometer/micrometer-core/1.1.4/micrometer-core-1.1.4.jar"/>
        <pathelement location="../../../../Users/q766769/.m2/repository/org/hdrhistogram/HdrHistogram/2.1.9/HdrHistogram-2.1.9.jar"/>
        <pathelement location="../../../../Users/q766769/.m2/repository/org/latencyutils/LatencyUtils/2.0.3/LatencyUtils-2.0.3.jar"/>
        <pathelement location="../../../../Users/q766769/.m2/repository/com/oracle/ojdbc7/12.1.0/ojdbc7-12.1.0.jar"/>
        <pathelement location="../../../../Users/q766769/.m2/repository/org/mybatis/spring/boot/mybatis-spring-boot-starter-test/2.0.1/mybatis-spring-boot-starter-test-2.0.1.jar"/>
        <pathelement location="../../../../Users/q766769/.m2/repository/org/mybatis/spring/boot/mybatis-spring-boot-test-autoconfigure/2.0.1/mybatis-spring-boot-test-autoconfigure-2.0.1.jar"/>
        <pathelement location="../../../../Users/q766769/.m2/repository/org/apache/commons/commons-csv/1.6/commons-csv-1.6.jar"/>
        <pathelement location="../../../../Users/q766769/.m2/repository/com/google/code/gson/gson/2.8.5/gson-2.8.5.jar"/>
        <pathelement location="../../../../Users/q766769/.m2/repository/org/apache/tomcat/tomcat-jdbc/9.0.19/tomcat-jdbc-9.0.19.jar"/>
        <pathelement location="../../../../Users/q766769/.m2/repository/org/apache/tomcat/tomcat-juli/9.0.19/tomcat-juli-9.0.19.jar"/>
        <pathelement location="src/main/resources/lib/WingspanTransform-1.0-SNAPSHOT-jar-with-dependencies.jar"/>
        <pathelement location="../../../../Users/q766769/.m2/repository/org/glassfish/jersey/core/jersey-client/2.27/jersey-client-2.27.jar"/>
        <pathelement location="../../../../Users/q766769/.m2/repository/javax/ws/rs/javax.ws.rs-api/2.1/javax.ws.rs-api-2.1.jar"/>
        <pathelement location="../../../../Users/q766769/.m2/repository/org/glassfish/jersey/core/jersey-common/2.27/jersey-common-2.27.jar"/>
        <pathelement location="../../../../Users/q766769/.m2/repository/org/glassfish/hk2/osgi-resource-locator/1.0.1/osgi-resource-locator-1.0.1.jar"/>
        <pathelement location="../../../../Users/q766769/.m2/repository/org/glassfish/hk2/external/javax.inject/2.5.0-b42/javax.inject-2.5.0-b42.jar"/>
        <pathelement location="../../../../Users/q766769/.m2/repository/org/glassfish/jersey/media/jersey-media-multipart/2.27/jersey-media-multipart-2.27.jar"/>
        <pathelement location="../../../../Users/q766769/.m2/repository/org/jvnet/mimepull/mimepull/1.9.11/mimepull-1.9.11.jar"/>
        <pathelement location="../../../../Users/q766769/.m2/repository/org/glassfish/jersey/media/jersey-media-json-jackson/2.27/jersey-media-json-jackson-2.27.jar"/>
        <pathelement location="../../../../Users/q766769/.m2/repository/org/glassfish/jersey/ext/jersey-entity-filtering/2.27/jersey-entity-filtering-2.27.jar"/>
        <pathelement location="../../../../Users/q766769/.m2/repository/com/fasterxml/jackson/core/jackson-annotations/2.9.0/jackson-annotations-2.9.0.jar"/>
        <pathelement location="../../../../Users/q766769/.m2/repository/com/fasterxml/jackson/core/jackson-databind/2.9.8/jackson-databind-2.9.8.jar"/>
        <pathelement location="../../../../Users/q766769/.m2/repository/com/fasterxml/jackson/core/jackson-core/2.9.8/jackson-core-2.9.8.jar"/>
        <pathelement location="../../../../Users/q766769/.m2/repository/com/fasterxml/jackson/module/jackson-module-jaxb-annotations/2.9.8/jackson-module-jaxb-annotations-2.9.8.jar"/>
        <pathelement location="../../../../Users/q766769/.m2/repository/org/glassfish/jersey/inject/jersey-hk2/2.27/jersey-hk2-2.27.jar"/>
        <pathelement location="../../../../Users/q766769/.m2/repository/org/glassfish/hk2/hk2-locator/2.5.0-b42/hk2-locator-2.5.0-b42.jar"/>
        <pathelement location="../../../../Users/q766769/.m2/repository/org/glassfish/hk2/external/aopalliance-repackaged/2.5.0-b42/aopalliance-repackaged-2.5.0-b42.jar"/>
        <pathelement location="../../../../Users/q766769/.m2/repository/org/glassfish/hk2/hk2-api/2.5.0-b42/hk2-api-2.5.0-b42.jar"/>
        <pathelement location="../../../../Users/q766769/.m2/repository/javax/inject/javax.inject/1/javax.inject-1.jar"/>
        <pathelement location="../../../../Users/q766769/.m2/repository/org/glassfish/hk2/hk2-utils/2.5.0-b42/hk2-utils-2.5.0-b42.jar"/>
        <pathelement location="../../../../Users/q766769/.m2/repository/org/javassist/javassist/3.22.0-CR2/javassist-3.22.0-CR2.jar"/>
    </path>
    <path id="health-check-transform.classpath">
        <pathelement location="${health-check-transform.location}/target/classes"/>
        <pathelement location="${health-check-transform.location}/target/test-classes"/>
        <path refid="Maven Dependencies.libraryclasspath"/>
    </path>
    <path id="healthcheck.classpath">
        <pathelement location="target/classes"/>
        <pathelement location="target/test-classes"/>
        <path refid="Maven Dependencies.libraryclasspath"/>
        <path refid="health-check-transform.classpath"/>
    </path>
    <path id="run.AllTests.classpath">
        <path refid="healthcheck.classpath"/>
        <path refid="Maven Dependencies.libraryclasspath"/>
    </path>
    <path id="run.com.iqvia.healthcheck.classpath">
        <path refid="healthcheck.classpath"/>
        <path refid="Maven Dependencies.libraryclasspath"/>
    </path>
    <target name="init">
        <mkdir dir="target/classes"/>
        <mkdir dir="target/test-classes"/>
        <copy includeemptydirs="false" todir="target/classes">
            <fileset dir="src/main/java">
                <exclude name="**/*.launch"/>
                <exclude name="**/*.java"/>
            </fileset>
        </copy>
        <copy includeemptydirs="false" todir="target/classes">
            <fileset dir="src/main/resources">
                <exclude name="**/*.launch"/>
                <exclude name="**/*.java"/>
                <exclude name="**"/>
            </fileset>
        </copy>
        <copy includeemptydirs="false" todir="target/test-classes">
            <fileset dir="src/test/java">
                <exclude name="**/*.launch"/>
                <exclude name="**/*.java"/>
            </fileset>
        </copy>
    </target>
    <target name="clean">
        <delete dir="target/classes"/>
        <delete dir="target/test-classes"/>
    </target>

    <target name="AllTests">
        <mkdir dir="${junit.output.dir}"/>
        <junit fork="yes" printsummary="withOutAndErr">
            <formatter type="xml"/>
            <test name="com.iqvia.healthcheck.AllTests" todir="${junit.output.dir}"/>
            <jvmarg line="-ea"/>
            <classpath refid="run.AllTests.classpath"/>
        </junit>
    </target>

    <target name="junitreport">
        <junitreport todir="${junit.output.dir}">
            <fileset dir="${junit.output.dir}">
                <include name="TEST-*.xml"/>
            </fileset>
            <report format="frames" todir="${junit.output.dir}"/>
        </junitreport>
    </target>
</project>
