{
  "defaultDocumentLanguage" : "English",
  "controlAttributes": {
    "contentName": {
      "extract": "documentName"
    },
    "partner": {
      "extract": "stark",
      "from": "constant"
    },
    "filePath": {
      "extract" : "url"
    },
    "targetStatus": {
      "extract": "Final",
      "from": "constant"
    },
    "level": {
      "extract": "_class"
    },
    "diaKey": {
      "extract": "diaKey"
    },
    "disposition": {
      "extract" : "disposition"
    },
    "mappedTmfItemId" : {
      "extract" : ["_class", "zone", "section", "artifact", "abbreviation"],
      "from" : ["elvis", "elvis", "elvis", "elvis", "elvis"],
      "transform" : [
        {
          "type" : "exSeqMap",
          "mappingId" : "Document Type",
          "sourceColumnNames" : [
            "Class",
            "Document Zone",
            "Document Section",
            "Artifact Name",
            "Document Abbreviation"
          ],
          "targetColumnName" : "Document Type ID"
        }
      ]
    },
    "overrideTmfItemId": {
      "extract": ["_class", "diaKey", "documentLanguage"],
      "from": ["elvis", "elvis", "elvis"],
      "transform": [
        {
          "type": "exSeqMap",
          "mappingId": "Translation",
          "sourceColumnNames": [
            "Class",
            "Dia Key",
            "Document Language"
          ],
          "targetColumnName": "tmfItemId override"
        }
      ]
    },
    "abbreviation": {
      "extract": "abbreviation"
    },
    "hasAbbreviation": {
      "extract":  "abbreviation",
      "transform": [
        {
          "type":  "defaultValue",
          "defaultValue": "No"
        }
      ]
    },
    "dataId": {
      "extract": "dataId"
    },
    "maybeSitePersonnelName1":{
      "extract": ["firstName", "lastName"],
      "from" : ["elvis","elvis"],
      "transform": [
        {
          "type": "trimSpaces"
        },
        {
          "type": "mkString",
          "delimiter": " "
        },
        {
          "type": "split",
          "regex": "( )"
        },
        {
          "type": "mkString",
          "delimiter": " "
        }
      ]
    },
    "maybeSitePersonnelName2":{
      "extract": "investigatorName",
      "transform": [
        {
          "type": "defaultValue",
          "defaultValue": ""
        },
        {
          "type": "split",
          "regex": "(, )"
        },
        {
          "type": "trimSpaces"
        },
        {
          "type": "reverse"
        },                {
          "type": "mkString",
          "delimiter": " "
        }
      ]
    }
  },
  "attributes": {
    "workareaAction":{
      "extract": "disposition",
      "transform": [
        {
          "type": "defaultValue",
          "defaultValue": "UPLOAD"
        },
        {
          "type": "uppercase"
        },
        {
          "type": "map",
          "mappings": [
            {
              "sourceValue": "INSERT",
              "targetValue": "UPLOAD"
            }
          ]
        }
      ]
    },

    "study" : {
    "extract" : "protocolNumber"
    },

    "documentLanguage" : {
      "extract" : "documentLanguage"
    },

    "documentOwner" : {
      "extract" : "wingspanconnect",
      "from" : "constant"
    },

    "documentSubmitter" : {
      "extract" : "wingspanconnect",
      "from" : "constant"
    },

    "source" : {
      "extract" : "Elvis - Quintiles",
      "from" : "constant"
    },

    "tmfItemId": {
      "extract": [
        "overrideTmfItemId",
        "mappedTmfItemId"
      ],
      "from": [
        "control",
        "control"
      ],
      "transform": [
        {
          "type": "coalesce"
        },
        {
          "type" : "decimalFormat",
          "formatter" : "000.00"
        }
      ]
    },
    "documentDate" : {
      "extract" : ["documentDate" , "createdDate"],
      "from" : ["elvis","elvis"],
      "transform" : [
        {
          "type" : "parseDate",
          "formatStrings" : "yyyy-MM-dd"
        },
        {
          "type" : "pickEarlierDate"
        }
      ]
    },
    "receiptDate" : {
      "extract" : ["createdDate" , "documentDate"],
      "from" : ["elvis" ,"elvis"],
      "transform": [
        {
          "type": "parseDate",
          "formatStrings": "yyyy-MM-dd"
        },
        {
          "type": "pickLaterDate"
        }
      ]
    },

    "additionalInformation" : {
      "extract" : ["documentName" , "comment"],
      "from" : ["elvis" , "elvis"],
      "transform" : [
        {
          "type" : "mkString",
          "delimiter" : " "
        }
      ]
    },

    "sourceDescription" : {
      "extract" : "documentName"
     },

    "sourceReference" : {
      "extract" : "dataId"
    },

    "program" : {
      "extract" : "sponsor"
    },

    "document" : {
      "extract" : "document"
    },

    "refModelSubtype": {
    "extract": "abbreviation",
    "from": "control"
    }

  },
  "conditional": [
    {
      "conditionAttribute": "level",
      "from": "control",
      "matches": [
        {
          "keys": [
            "Core"
          ],
          "attributes": {
            "documentLevel": {
              "extract": "Study",
              "from": "constant"
            }
          }
        },
        {
          "keys": [
            "Country"
          ],
          "attributes": {
            "documentLevel": {
              "extract": "Country",
              "from": "constant"
            }
          }
        },
        {
          "keys": [
            "Site"
          ],
          "attributes": {
            "documentLevel": {
              "extract": "Site",
              "from": "constant"
            }
          }
        }
      ]
    },
    {
      "conditionAttribute": "hasAbbreviation",
      "from": "control",
      "matches": [
        {
          "keys": [
            "No"
          ],
          "attributes": {
            "subject": {
              "extract": "subject"
            }
          }
        }
      ]
    },
    {
      "conditionAttribute": "disposition",
      "from": "control",
      "matches": [
        {
          "keys": [
            "UPDATE"
          ],
          "attributes": {
            "documentId": {
              "extract": "documentId"
              }
          }
        },
        {
          "keys": [
            "DELETE"
          ],
          "attributes": {
            "documentId": {
              "extract": "documentId"
            }
          }
        }
      ]
    },
    {
      "conditionAttribute": "tmfItemId",
      "from": "transform",
      "matches": [
        {
          "keys": [
            		"101.01","101.02",
            		"101.11",
            		"102.09",
            		"102.11",
            		"105.15","105.17","105.18",
            		"105.20","105.22","105.25",
            		"106.38","106.39","106.40",
            		"108.01","108.02","108.03",
            		"109.07","109.09","109.14","109.16"
          ],
          "attributes": {
            "expiresAtEndOfStudy": {
              "extract": true,
              "from": "constant"
            }
          }
        },
        {
          "keys": [
      			"101.01","101.02","101.03","101.04",
				"101.11",
				"101.22","101.29","101.30",
				"101.44","101.49",
				"101.50","101.56","101.59",
				"102.03",
				"102.26",
				"104.01","104.02","104.03","104.04","104.05","104.06","104.09",
				"104.10",
				"105.09",
				"105.10","105.11","105.12","105.13","105.15","105.16","105.18",
				"105.20","105.21",
				"105.31",
				"105.57",
				"106.03","106.04","106.06",
				"106.41","106.47","106.48","106.49",
				"106.71",
				"108.01","108.02","108.03",
				"108.10","108.11","108.12"
      		],
          "attributes": {
            "partOfIIP": {
              "extract": false,
              "from": "constant"
            }
          }
        },
        {
          "keys": [
				"100.06","100.07",
				"100.10","100.17","100.18",
				"100.28",
				"100.30","100.39",
				"100.42","100.45",
				"100.50","100.53","100.54","100.55","100.56","100.59",
				"100.60","100.61","100.63","100.64",
				"101.01","101.04","101.05","101.07","101.09",
				"101.11","101.14","101.17","101.19",
				"101.22","101.24","101.25","101.27","101.29",
				"101.30","101.31","101.32","101.37","101.39",
				"101.44","101.47","101.48","101.49",
				"101.50","101.51","101.52","101.53","101.54","101.55","101.56","101.57","101.58",
				"101.62",
				"102.01","102.03","102.05","102.07","102.09",
				"102.11","102.13","102.15","102.18","102.19",
				"102.20","102.22","102.28",
				"102.30","102.32","102.33","102.35","102.37","102.38","102.39",
				"102.40","102.42",
				"104.01","104.02","104.03","104.04","104.05","104.06","104.07","104.08","104.09",
				"104.10","104.11","104.12","104.13","104.14","104.15","104.16","104.17","104.18","104.19",
				"104.20","104.21","104.22","104.24","104.25","104.28","104.29",
				"104.31","104.32",
				"105.01","105.02","105.03","105.04","105.06","105.07","105.09",
				"105.10","105.11","105.12","105.13","105.14","105.15","105.16","105.17","105.18","105.19",
				"105.20","105.21","105.22","105.23","105.24","105.25","105.27","105.28","105.29",
				"105.31","105.33","105.35","105.36","105.37","105.38",
				"105.40","105.41","105.42","105.44","105.46","105.47","105.48","105.49",
				"105.52","105.54","105.55","105.56","105.57","105.59",
				"105.60","105.61",
				"106.01","106.03","106.05","106.07","106.08",
				"106.10","106.11","106.13","106.14","106.16","106.17","106.19",
				"106.20","106.23","106.25","106.27","106.28",
				"106.30","106.31","106.32","106.34","106.36","106.38","106.39",
				"106.42","106.45","106.47","106.48",
				"106.50","106.51","106.53","106.57","106.58",
				"106.65","106.66",
				"106.71","106.72","106.73","106.74","106.75","106.76","106.77","106.78",
				"107.04","107.05","107.07","107.08",
				"107.10","107.12","107.13","107.18",
				"107.20","107.21","107.22","107.23","107.24",
				"108.01","108.02","108.04","108.05","108.07","108.08",
				"108.10","108.11","108.13","108.14","108.16","108.17","108.19",
				"108.20","108.22","108.23","108.25","108.26","108.28","108.29",
				"108.31","108.32","108.34","108.35","108.37","108.38",
				"108.40","108.41","108.43","108.44","108.46","108.49",
				"108.50",
				"109.04","109.07",
				"109.11","109.12","109.14","109.17","109.18",
				"109.21","109.22","109.27","109.29",
				"109.30",
				"110.03","110.05","110.06",
				"110.19",
				"110.27","110.29",
				"110.32",
				"111.05"
      		],
          "attributes": {
            "country": {
              "extract": "country",
              "transform": [
                {
                  "type": "uppercase"
                }
              ]
            }
          }
        },
        {
          "keys": [
      			"100.07",
      			"100.18",
      			"100.54",
      			"100.61","100.64",
      			"101.22","101.25",
      			"101.30","101.32","101.37",
      			"101.49",
      			"101.50","101.52","101.53","101.54","101.55","101.56","101.57","101.58",
      			"102.28",
      			"102.30","102.32","102.33","102.35","102.37","102.39",
      			"102.42",
      			"104.02","104.04",
      			"104.06","104.08",
      			"104.10","104.12","104.14","104.16","104.18",
      			"104.20","104.22","104.25","104.29",
      			"104.32",
      			"105.01","105.02","105.04","105.06","105.09",
      			"105.10","105.11","105.12","105.13","105.14","105.15","105.16","105.17","105.18","105.19",
      			"105.20","105.21","105.22","105.23","105.24","105.25","105.27","105.29",
      			"105.31","105.33","105.35","105.36","105.37","105.38",
      			"105.40","105.41","105.42","105.44","105.46","105.47","105.48","105.49",
      			"105.56",
      			"105.61",
      			"106.08",
      			"106.11","106.14","106.17",
      			"106.20","106.23","106.27",
      			"106.30","106.32","106.39",
      			"106.42","106.45","106.48",
      			"106.51","106.53","106.57","106.58",
      			"106.66",
      			"106.71","106.73","106.74","106.78",
      			"107.04","107.05","107.07","107.08",
      			"107.10","107.12","107.13",
      			"107.21","107.23","107.24",
      			"108.02","108.05","108.08",
      			"108.11","108.14","108.17",
      			"108.20","108.23","108.26","108.29",
      			"108.32","108.35","108.38",
      			"108.41","108.44",
      			"108.50",
      			"109.12","109.18",
      			"109.22",
      			"110.05","110.06",
      			"110.19",
      			"110.27","110.29"
      		],
          "attributes": {
            "site": {
              "extract": "siteId"
            },
            "siteName":{
              "extract": "siteName"
            }
          }
        },
        {
          "keys": [],
          "attributes": {
            "amendmentNumber":{
              "extract": "amendmentNumber"
            }
          }
        },
        {
          "keys": [],
          "attributes": {
            "meetingType":{
              "extract": "meetingType"
            }
          }
        },
        {
          "keys": ["101.44"],
          "attributes": {
            "investigationalProductId":{
              "extract": "investigationalProductId"
            }
          }
        },
        {
          "keys": [
          			"105.12","105.13","105.16","105.18",
          			"105.25"
          		],
          "attributes": {
            "sitePersonnelName":{
              "extract": ["maybeSitePersonnelName1", "maybeSitePersonnelName2"],
              "from": ["control","control"],
              "transform": [
                {
                  "type": "coalesce"
                }
              ]
            }
          }
        },
        {
          "keys": [
      			"100.34",
      			"101.34",
      			"102.13","102.27","102.28",
      			"104.15","104.16",
      			"105.38","105.39",
      			"106.42","106.45","106.46",
      			"107.02","107.03","107.04","107.05","107.06","107.07","107.08","107.09",
      			"107.10","107.11","107.12","107.13","107.14","107.15","107.16","107.17","107.18","107.19",
      			"107.20","107.21","107.22","107.23",
      			"111.05","111.06",
      			"111.12","111.14","111.15","111.16","111.18","111.19",
      			"111.21","111.22"
      		],
          "attributes": {
            "unblindedDocument":{
              "extract": "unblinded",
              "transform" : [
                {
                  "type": "map",
                  "mappings": [
                  {
                    "sourceValue": "NO",
                    "targetValue": false
                  },
                  {
                    "sourceValue": "YES",
                    "targetValue": true
                  }
                ]
                }
              ]

            }
          }
        },
        {
          "keys": ["100.58","100.59","105.18","107.20"],
          "attributes": {
            "financialInterestUndisclosed":{
              "extract": true,
              "from": "constant"
            },
            "financialInterest":{
              "extract": "Unknown",
              "from": "constant"
            },
            "financialInterestDisclosed":{
              "extract": false,
              "from": "constant"
            }
          }
        },
        {
          "keys": [],
          "attributes": {
            "translationType": {
              "extract": "languageIdentifier",
              "transform": [
                {
                  "type": "defaultValue",
                  "defaultValue": "ORIG"
                }
              ]
            }
          }
        },
        {
          "keys": [
            "105.06","105.27","105.35","105.37","105.41","105.44"
          ],
          "attributes": {
            "subject": {
              "extract": ["visitType"],
              "from" : ["elvis"],
              "transform": [
                {
                  "type": "exSeqMap",
                  "mappingId": "Visit",
                  "sourceColumnNames" : [
                    "Source"
                  ],
                  "targetColumnName" : "Target"
                }
              ]
            },
            "refModelSubtype": {
              "extract": ["visitDocumentID"],
              "from" : ["elvis"],
              "transform": [
                {
                  "type": "exSeqMap",
                  "mappingId": "Visit-Subtype",
                  "sourceColumnNames" : [
                    "Source"
                  ],
                  "targetColumnName" : "Target"
                }
              ]
            },
            "proposeStudyItemIfNoMatch": {
              "extract": true,
              "from": "constant"
            }
          }
        },
        {
        "keys": [
        			"100.30","100.31",
        			"104.15","104.16",
        			"105.14","105.42","105.43","105.59","105.06"
        		],
        "attributes": {
          "proposeStudyItemIfNoMatch": {
            "extract": true,
            "from": "constant"
          }
        }
        },
        {
          "keys": [
          			"109.04","109.06","109.07","109.09",
          			"109.10","109.11","109.12","109.13","109.14","109.16","109.17","109.18","109.19",
          			"109.20","109.21","109.22","109.27","109.28","109.29",
          			"109.30"
          		],
          "attributes": {
            "vendorName": {
              "extract": "VENDOR",
              "from": "constant"
            }
          }
        }
      ]
    }
  ]
}
